{"cameraMode":{"drawMode":0,"name":"Shaded","section":"Shading Mode"},"sceneLighting":true,"audioPlay":false,"sceneViewState":{"m_AlwaysRefresh":false,"showFog":true,"showSkybox":true,"showFlares":true,"showImageEffects":true,"showParticleSystems":true,"showVisualEffectGraphs":true,"m_FxEnabled":true},"in2DMode":false,"pivot":{"x":-1.0052180290222169,"y":1.0027717351913453,"z":-1.8451920747756959},"rotation":{"x":0.05998627841472626,"y":0.19399291276931764,"z":0.011891688220202923,"w":-0.9791117310523987},"size":1.3976373672485352,"orthographic":false}